1"Feliz AÃ±o Nuevo, mi amor! ğŸŒŸ Que cada dÃ­a de este aÃ±o nos acerque mÃ¡s a nuestros sueÃ±os juntos. Ya casi nos casamos, Â¿te imaginas? â¤ï¸"
2Amor, cada dÃ­a contigo es una aventura. Â¿Lista para conquistar el mundo juntos? ğŸŒâ¤ï¸"
3"Tu sonrisa ilumina mi vida mÃ¡s que el sol cada maÃ±ana. â˜€ï¸ğŸ˜Š"
4"Si me dieran a elegir mil veces, siempre te elegirÃ­a a ti. Mil veces y mÃ¡s. ğŸ˜˜ğŸ’–"
5"Contigo he descubierto que el amor verdadero existe. Â¡Gracias por ser mi mejor amiga y amor! ğŸ‘«ğŸ’‘"
6"Â¿SabÃ­as que tu abrazo es mi lugar favorito en todo el universo? ğŸš€ğŸ’«"
7"No necesito cafÃ© para despertarme, solo pensar en ti me llena de energÃ­a. â˜•ğŸ’“"
8"Cada segundo contigo es un tesoro. No cambiarÃ­a ni un momento a tu lado. ğŸ’ğŸ’"
9"Adivina quÃ©: hoy te amo mÃ¡s que ayer, pero menos que maÃ±ana. ğŸ’–ğŸ’–"
10"Amor, aquÃ­ te va un chiste: Â¿QuÃ© le dice una impresora a otra? Â¿Esa hoja es tuya o es una impresiÃ³n mÃ­a? ğŸ˜‚ğŸ–¨ï¸"
11"Con cada beso, siento que puedo tocar el cielo. Y no es exageraciÃ³n. ğŸ˜šğŸ’‹"
12"Eres mi lugar favorito en el mundo, porque donde estÃ¡s tÃº, estÃ¡ mi hogar. ğŸ¡ğŸ’‘"
13"Hoy me despertÃ© con mÃ¡s ganas de amarte. Â¿CÃ³mo es posible que crezca tanto el amor? ğŸ˜ğŸ’•"
14"Estar contigo hace que todos mis dÃ­as sean soleados, incluso cuando llueve. â˜”ğŸŒˆ"
15"No hay obstÃ¡culo que no podamos vencer juntos, somos invencibles. ğŸ’ªâ¤ï¸"
16"Amor, hoy te tengo otro chiste: Â¿QuÃ© le dijo una pared a la otra? Â¡Nos vemos en la esquina! ğŸ˜‚ğŸ§±"
17"No necesito regalos ni sorpresas, tu presencia es el mejor regalo que la vida me ha dado. ğŸâ¤ï¸"
18"Te amo en cada suspiro, en cada latido de mi corazÃ³n. Siempre serÃ¡s mi razÃ³n de vivir. ğŸ’“ğŸ’–"
19"Cuando estoy contigo, el mundo desaparece y solo existimos tÃº y yo. ğŸŒğŸ’«"
20"Contigo aprendÃ­ que los finales felices no son solo para los cuentos de hadas. âœ¨ğŸ‘‘"
21"El mejor plan para hoy: tÃº, yo y una buena pelÃ­cula. Â¡Nada mÃ¡s importa! ğŸ¬ğŸ¿"
22"Tu risa es mÃºsica para mis oÃ­dos, podrÃ­a escucharla por horas sin cansarme. ğŸ¶ğŸ˜‚"
23"Eres mi aventura favorita, cada dÃ­a contigo es una historia nueva. ğŸ“–ğŸ’–"
24,"Amor, Â¿quieres escuchar otro chiste? Â¿QuÃ© le dice un pez a otro? Â¡Nada! ğŸ ğŸ˜‚"
25,"En tus ojos veo mi futuro, uno lleno de amor, risas y complicidad. ğŸ‘ï¸â¤ï¸"
26,"Eres mi sol en los dÃ­as nublados y mi abrigo en las noches frÃ­as. ğŸŒ¥ï¸ğŸ§£"
27,"Cuando estÃ¡s lejos, cuento los segundos para volver a verte. El tiempo sin ti es eterno. ğŸ•°ï¸ğŸ’•"
28,"Cada dÃ­a me enseÃ±as algo nuevo sobre el amor. Gracias por hacerme una mejor persona. ğŸ’«ğŸ’"
29,"Amor, aquÃ­ te va otro: Â¿QuÃ© le dijo una uva verde a otra morada? Â¡Respira! ğŸ‡ğŸ˜‚"
30,"Me he dado cuenta de que todo lo bueno en mi vida comenzÃ³ el dÃ­a que te conocÃ­. âœ¨ğŸ’–"
31"Cada vez que me miras, siento mariposas en el estÃ³mago como la primera vez. ğŸ¦‹ğŸ˜Š"
32,"Eres la razÃ³nfsdfsad por la que sonrÃ­o todos los dÃ­as, incluso cuando no estÃ¡s. ğŸ˜„ğŸ’•"
33,"El amor que siento pogfdgsdffgr ti es tan grande que no cabe en este mensaje. ğŸ’Œâ¤ï¸"
34,"Amor, aquÃ­ va otro: Â¿CÃ³mo se despiden los quÃ­micos? Ãcido un placer. ğŸ§ªğŸ˜‚"
35,"No hay lugar en el mundo donde prefiera estar que a tu lado. ğŸŒğŸ’‘"
36,"Eres mi sueÃ±o hecho realidad. Cada dÃ­a a tu lado es una bendiciÃ³n. ğŸŒ™âœ¨"
37,"Me haces sentir que puedo conquistar el mundo solo con tenerte a mi lado. ğŸŒğŸ’ª"
38,"Hoy me levantÃ© pensando en lo afortunado que soy por tenerte en mi vida. ğŸ¥°ğŸ’–"
39,"Amor, Â¿otro chiste? Â¿QuÃ© hace un pez en la tierra? Â¡Nada de nada! ğŸŸğŸ˜‚"
40,"Cada dÃ­a me haces enamorarme mÃ¡s de ti. No sÃ© cÃ³mo lo haces, pero es increÃ­ble. ğŸ˜ğŸ’•"
41,"Gracias por ser mi cÃ³mplice en esta hermosa aventura llamada vida. ğŸ’‘ğŸ’–"
42,"Contigo, todos los dÃ­as son dÃ­as especiales. No necesito un motivo para celebrarte. ğŸ‰â¤ï¸"
43,"Me encanta cÃ³mo me haces reÃ­r, incluso cuando no estoy de humor. Eres mi medicina. ğŸ’ŠğŸ˜‚"
44,adfasdasdfsdfasdffasddfasffs"Te eligirÃ­a a ti cuantas veces haga falta, sin importar el mundo o la realidad, y hoy al igual que todos los dÃ­as agradezco estar contigo. Te amo â¤ï¸"
"Te eligirÃ­a a ti cuantas veces haga falta, sin importar el mundo o la realidad, y hoy al igual que todos los dÃ­as agradezco estar junto a ti amor. Te amo â¤ï¸"
"Cuando te veo me siento vivo y presente; la realidad se pinta de colores que antes solo anhelaba en mis pensamientos y es gracias a ti â¤ï¸"
"Cuando estoy contigo, me siento completo, aliviado y estusiasmado, y estoy a espera de que mis dÃ­as sean todos a tu lado ğŸ§©â¤ï¸"
"Quiero triunfar en la vida a tu lado, y justo nuestros objetivos se alinean, asÃ­ que como dices tÃº mi amor: Pa' arriba es que vamos ğŸ·ğŸ’‘"
"Eres la razÃ³n por la que sonrÃ­o al despertar y por la que duermo tranquilo cada noche. ğŸ˜´â¤ï¸"
"Ya sÃ© que eres batman Â¿CuÃ¡ndo me invita a la bati-cueva? ğŸ•µï¸ğ“„‹ "
"Â¡Felices 10 meses mi amor! SegÃºn mis pronÃ³sticos te faltarÃ¡n nÃºmeros para contar el tiempo que estaremos juntos ğŸ•°ï¸ğŸ’‘ Te amoâ¤ï¸"
"Ya sÃ© que eres batman Â¿CuÃ¡ndo me invita a la bati-cueva? ğŸ•µï¸ğ“„‹ "
"Eres la razÃ³n por la que sonrÃ­o al despertar y por la que duermo tranquilo cada noche. ğŸ˜´â¤ï¸"
"Quiero triunfar en la vida a tu lado, y justo nuestros objetivos se alinean, asÃ­ que como dices tÃº mi amor: Pa' arriba es que vamos ğŸ·ğŸ’‘"
"Cuando estoy contigo, me siento completo, aliviado y estusiasmado, y estoy a espera de que mis dÃ­as sean todos a tu lado ğŸ§©â¤ï¸"
"Cuando te veo me siento vivo y presente; la realidad se pinta de colores que antes solo anhelaba en mis pensamientos y es gracias a ti â¤ï¸"
57,"Tu amor es mi refugio, mi hogar, mi todo. ğŸ¡â¤ï¸"
58,"Cada dÃ­a me haces sentir especial de una manera Ãºnica. Gracias por tanto. ğŸ’•ğŸ’–"
59,28 de febbreroDia biciesto
dia biciesto
61,"Cada caricia tuya es como magia, transforma mi dÃ­a por completo. âœ¨â¤ï¸"
62,"A tu lado, siento que todo es posible. Somos un equipo invencible. ğŸ’ªğŸ’–"
"De lo que sea que nuestra alma estÃ© hecha, ambas estÃ¡n hechas de lo mismo âœ¨â¤ï¸"
"No hay lugar donde prefiera estar que contigo, compartiendo cada momento. ğŸŒğŸ’‘"
"Tu amor es la melodÃ­a que da ritmo a mi vida. ğŸ¶â¤ï¸"
"Hoy me despertÃ© con mÃ¡s amor por ti que ayer. Â¿CÃ³mo haces para conquistarme mÃ¡s cada dÃ­a? ğŸ˜ğŸ’–"
"Amor, Â¿sabes quÃ©? Me haces sentir que soy la persona mÃ¡s afortunada del mundo. ğŸŒŸğŸ’•"
"Quiero que brilles como las estrellas y que ellas tenga envidia de lo hermoso de tu brillar âœ¨â¤ï¸"
"Entre tu sonrisa y la mÃ­a prefiero la tuya, porque es tu sonrisa la que provoca la mÃ­a ğŸ’•"
"Desde que estÃ¡s aquÃ­ el mundo se siente como un mejor lugar ğŸŒğŸ’‘"
"Quiero estar a tu lado siempre y ver como triunfas con cada meta tuya ğŸ’ªğŸ’–"
72,"Tu sonrisa es mi debilidad."
73,"Eres mi amor, mi vida, mi todo."
74,"Tu amor es el regalo mÃ¡s preciado."
75,"Amarte es lo mÃ¡s hermoso que he hecho."
76,"Tu amor es mi ancla en este mar de vida."
77,"Eres mi razÃ³n de ser feliz."
78,"Cada vez que te veo, me enamoro de nuevo."
79,"Contigo el mundo es mÃ¡s bonito."
80,"Eres la razÃ³n por la que cada dÃ­a es mejor."
81,"Mi amor por ti crece con cada latido de mi corazÃ³n."
82,"Eres la luz que ilumina mis dÃ­as mÃ¡s oscuros."
83,"Amarte es mi razÃ³n de existir."
84,"TÃº eres el sueÃ±o del que nunca quiero despertar."
85,"Cada dÃ­a a tu lado es un regalo del cielo."
86,"Eres mi refugio en un mundo caÃ³tico."
87,"Tu amor es mi fortaleza en los dÃ­as difÃ­ciles."
88,"Amarte es lo mÃ¡s fÃ¡cil del mundo."
89,"Contigo, la vida tiene mÃ¡s color."
90,"Eres la pieza que faltaba en mi vida."
91,"Amar es fÃ¡cil cuando te tengo a ti."
92,"Cada dÃ­a a tu lado es una nueva aventura."
93,"Eres mi sol en los dÃ­as mÃ¡s grises."
94,"No importa lo que pase, siempre te amarÃ©."
95,"A tu lado, la vida es mÃ¡s hermosa."
96,"Eres mi razÃ³n para seguir adelante."
97,"El amor verdadero es lo que compartimos."
98,"Â¡Â¡Hoy es mi cumpleaÃ±os!! Espero mi regalito amor, y que a diferencia del aÃ±o en CÃ³rdoba podamos pasarla juntitos â¤ï¸"
99,"Amarte es mi mayor privilegio."
100,"Eres mi felicidad, mi vida, mi amor."
101,"Contigo aprendÃ­ lo que es el amor verdadero."
102,"Eres mi razÃ³n para sonreÃ­r cada dÃ­a."
103,"Tu amor es mi mayor regalo."
104,"Amarte es el mejor de los sentimientos."
105,"Eres el sol que ilumina mis dÃ­as mÃ¡s oscuros."
106,"No importa lo que pase, siempre estarÃ© contigo."
107,"A tu lado, todo es mÃ¡s fÃ¡cil."
"Gracias a ti los dÃ­as son mÃ¡s lindos, mÃ¡s divertidos y lleno de alegrÃ­a. Te amo â¤ï¸"
"Quiero que seas parte de mi vida por siempre ğŸ’Œâ¤ï¸"
"Oro porque este bien y sea feliz aunque sin mi de forma fÃ­sica."
"Felicitaciones por nuestro primer aÃ±o juntos â¤ï¸. Y esto continua con la constante promesa de amarte y cuidarte, amada mÃ­a â¤ï¸"
"Estoy feliz de estar aquÃ­ ğŸ’â¤ï¸"
"Te amo de una manera tan bonita y sincera que no hace falta verte ni tocarte para que mi amor por ti crezca ğŸ’•"
"Nuestra conexiÃ³n sin duda alguna es Ãºnica, como 2 notas que forman una composiciÃ³n armÃ³nica, eres mi complemento, pues solo contigo me siento completo"
"Te amo y te amarÃ©, sin importar la distancia o discusiones porque eres quien me hace feliz y a quien elegÃ­ para mi compaÃ±era de vida â¤ï¸"
"Hiciste lo comÃºn especial y la vida ahora se siente como una aventura a tu lado"
"Amo cada momento a tu lado."
"Eres mi refugio en los dÃ­as difÃ­ciles."
"En mi historia, a cualquier punto que llegue, quiero que sea tomado de la mano contigo."
"A veces cuando el dÃ­a parece malo, solo hay que recordar que tenemos aÃºn cosas buenas por las que continuar"
"Pensar en ti es casi parecido a recibir vitamina D del sol, es cÃ¡lido, nutritivo y enegÃ©tico"
"Contigo, incluso entre tanto caos, el mundo me parece un lugar mejor."
"Te amo muchÃ­simo ğŸ’Œâ¤ï¸"
"Amarte es lo mÃ¡s hermoso que me ha pasado."
"De las cosas que mÃ¡s disfruto en el dÃ­a, es llamarte y ganarte en plato (aunque pierda en el 'yo mÃ¡s')"
"Ya nos veo comprando cositas para nuestra casita ğŸ’Œâ¤ï¸"
127,"Eres el amor que siempre esperÃ©."
128,"No puedo imaginar mi vida sin ti."
129,"Tu amor me llena de alegrÃ­a y felicidad."
130,"Cada momento a tu lado es mÃ¡gico."
131,"Eres mi razÃ³n de ser."
132,"El amor que compartimos es eterno."
133,"A tu lado, soy la mejor versiÃ³n de mÃ­ mismo/a."
134,"Tu sonrisa es la luz que ilumina mi vida."
135,"Amarte es lo mÃ¡s fÃ¡cil del mundo."
136,"Eres mi mayor tesoro, mi todo."
137,"Tu amor es lo que me mantiene en pie."
138,"Cada dÃ­a contigo es un regalo del cielo."
139,"Eres mi refugio en los momentos difÃ­ciles."
140,"A tu lado, todo es mÃ¡s fÃ¡cil."
141,"Tu amor es mi mayor fortaleza."
142,"Eres el amor que le da sentido a mi vida."
143,"Amarte es mi mayor alegrÃ­a."
144,"Contigo, todo es mÃ¡s hermoso."
145,"Eres mi amor eterno, mi razÃ³n de ser."
146,"Tu amor es lo que me impulsa cada dÃ­a."
147,"Cada momento contigo es Ãºnico."
148,"Eres el sol que ilumina mi camino."
149,"Amarte es lo que me hace feliz."
150,"Tu amor es mi mayor bendiciÃ³n."
151,"Eres mi refugio en este mundo caÃ³tico."
152,"A tu lado, soy invencible."
153,"Eres mi razÃ³n para seguir adelante."
154,"El amor que compartimos es lo mÃ¡s hermoso que tengo."
155,"Tu amor es lo que da sentido a mi vida."
156,"Eres la razÃ³n de mi felicidad."
157,"Amarte es lo mejor que me ha pasado."
158,"Eres mi refugio en los dÃ­as difÃ­ciles."
159,"A tu lado, todo es posible."
160,"Eres mi amor eterno, mi todo."
161,"Cada dÃ­a contigo es una nueva aventura."
162,"Tu amor es lo que me impulsa a ser mejor."
163,"Eres mi luz en los momentos oscuros."
164,"Amarte es lo que me llena de vida."
165,"Eres mi razÃ³n para sonreÃ­r cada maÃ±ana."
166,"El amor que compartimos es eterno."
167,"Tu amor es mi mayor inspiraciÃ³n."
168,"Eres el sol que ilumina mis dÃ­as."
169,"Amarte es lo mÃ¡s fÃ¡cil del mundo."
170,"Eres mi refugio en los momentos difÃ­ciles."
171,"Cada dÃ­a contigo es un regalo del cielo."
172,"Eres mi razÃ³n para seguir adelante."
173,"Tu amor es mi mayor fortaleza."
174,"A tu lado, soy la mejor versiÃ³n de mÃ­ mismo/a."
175,"Eres mi amor eterno."
176,"Cada momento contigo es mÃ¡gico."
177,"Tu sonrisa es la luz que ilumina mi vida."
178,"Amarte es lo mejor que me ha pasado."
179,"Eres mi razÃ³n de ser feliz."
180,"A tu lado, todo es mÃ¡s hermoso."
181,"Eres mi amor eterno, mi todo."
182,"Tu amor es lo que me impulsa a seguir adelante."
183,"Amarte es lo mÃ¡s hermoso que me ha pasado."
184,"Cada dÃ­a contigo es una bendiciÃ³n."
185,"Eres mi refugio en los dÃ­as difÃ­ciles."
186,"A tu lado, soy invencible."
187,"Eres mi razÃ³n de ser."
188,"Tu amor es mi mayor fortaleza."
189,"Cada dÃ­a contigo es una nueva aventura."
190,"Eres el sol que ilumina mis dÃ­as."
191,"Amarte es lo que me llena de alegrÃ­a."
192,"Eres mi refugio en este mundo caÃ³tico."
193,"A tu lado, soy la mejor versiÃ³n de mÃ­ mismo/a."
194,"Eres mi amor eterno."
195,"Tu amor es lo que da sentido a mi vida."
196,"Cada momento contigo es mÃ¡gico."
"Me da gusto levantarme en las maÃ±anas y saber que cuento contigo en mi vida â¤ï¸"
"Una relaciÃ³n bonita es lo que he logrado con usted y estoy contento al respecto, te amo â¤ï¸"
199,"Tu amor es mi mayor bendiciÃ³n."
200,"Eres mi refugio en los momentos difÃ­ciles."
201,"Cada dÃ­a contigo es un regalo del cielo."
202,"Eres mi razÃ³n para seguir adelante."
203,"Amarte es lo que me llena de vida."
204,"A tu lado, soy invencible."
205,"Eres mi amor eterno, mi todo."
206,"Tu amor es lo que me impulsa a ser mejor."
207,"Cada dÃ­a contigo es una nueva aventura."
208,"Eres el sol que ilumina mis dÃ­as."
209,"Amarte es lo que me hace feliz."
210,"Tu amor es mi mayor fortaleza."
211,"Eres mi razÃ³n de ser."
212,"Cada momento contigo es Ãºnico."
213,"Eres mi amor eterno."
214,"A tu lado, todo es posible."
215,"Tu amor es lo que me impulsa a seguir adelante."
216,"Amarte es lo mÃ¡s hermoso que me ha pasado."
217,"Cada dÃ­a contigo es un regalo del cielo."
218,"Eres mi refugio en los momentos difÃ­ciles."
219,"A tu lado, soy invencible."
220,"Eres mi razÃ³n para sonreÃ­r cada dÃ­a."
221,"Tu amor es lo que me llena de vida."
222,"Cada dÃ­a contigo es una bendiciÃ³n."
223,"Eres mi amor eterno, mi todo."
224,"Amarte es lo que me hace feliz."
225,"Tu amor es mi mayor fortaleza."
226,"Eres mi refugio en este mundo caÃ³tico."
227,"A tu lado, soy la mejor versiÃ³n de mÃ­ mismo/a."
228,"Cada momento contigo es mÃ¡gico."
229,"Eres mi razÃ³n para seguir adelante."
230,"Amarte es lo mejor que me ha pasado."
231,"Tu amor es mi mayor inspiraciÃ³n."
232,"Eres mi luz en los momentos oscuros."
233,"Cada dÃ­a contigo es una nueva aventura."
234,"Eres mi amor eterno."
235,"Tu amor es lo que me impulsa a ser mejor."
236,"Cada dÃ­a contigo es un regalo del cielo."
237,"Eres mi razÃ³n para sonreÃ­r cada maÃ±ana."
238,"Amarte es lo que me llena de vida."
239,"Tu amor es lo que me mantiene en pie."
240,"Eres mi refugio en los momentos difÃ­ciles."
241,"A tu lado, todo es mÃ¡s hermoso."
242,"Eres mi razÃ³n para seguir adelante."
243,"Cada dÃ­a contigo es una bendiciÃ³n."
244,"Tu amor es mi mayor fortaleza."
245,"Amarte es lo que da sentido a mi vida."
246,"Eres mi amor eterno."
247,"A tu lado, soy la mejor versiÃ³n de mÃ­ mismo/a."
248,"Eres mi razÃ³n de ser."
249,"Cada momento contigo es Ãºnico."
250,"Tu amor es lo que me impulsa a seguir adelante."
251,"Eres el sol que ilumina mis dÃ­as."
252,"Amarte es lo mÃ¡s fÃ¡cil del mundo."
253,"Tu amor es mi mayor bendiciÃ³n."
254,"Cada dÃ­a contigo es un regalo del cielo."
255,"Eres mi refugio en los momentos difÃ­ciles."
256,"Amarte es lo mejor que me ha pasado."
257,"Eres mi amor eterno."
258,"A tu lado, soy invencible."
259,"Tu amor es lo que me impulsa a ser mejor."
260,"Cada dÃ­a contigo es una nueva aventura."
261,"Eres mi razÃ³n para seguir adelante."
262,"Amarte es lo mÃ¡s hermoso que me ha pasado."
263,"Tu amor es lo que me llena de alegrÃ­a."
264,"Eres mi refugio en este mundo caÃ³tico."
265,"Cada dÃ­a contigo es un regalo."
266,"Amarte es lo que da sentido a mi vida."
267,"Eres mi amor eterno."
268,"Tu amor es mi mayor fortaleza."
269,"A tu lado, soy la mejor versiÃ³n de mÃ­ mismo/a."
270,"Eres mi razÃ³n de ser."
271,"Cada momento contigo es mÃ¡gico."
272,"Amarte es lo mÃ¡s fÃ¡cil del mundo."
273,"Eres mi razÃ³n para seguir adelante."
274,"Tu amor es mi mayor bendiciÃ³n."
275,"Cada dÃ­a contigo es una bendiciÃ³n."
276,"Eres mi refugio en los momentos difÃ­ciles."
277,"Amarte es lo mejor que me ha pasado."
278,"Eres mi amor eterno."
279,"Tu amor es lo que me impulsa a ser mejor."
280,"Cada dÃ­a contigo es una nueva aventura."
281,"Eres mi razÃ³n para sonreÃ­r cada maÃ±ana."
282,"Amarte es lo mÃ¡s hermoso que me ha pasado."
283,"Tu amor es lo que me llena de vida."
284,"Eres mi refugio en este mundo caÃ³tico."
285,"Cada dÃ­a contigo es un regalo del cielo."
286,"Amarte es lo que da sentido a mi vida."
287,"Eres mi amor eterno."
288,"Tu amor es mi mayor fortaleza."
289,"Cada dÃ­a contigo es una bendiciÃ³n."
290,"A tu lado, soy invencible."
291,"Eres mi razÃ³n de ser."
292,"Hola mi amor, este es el primer mensaje que escribo de prueba, seguro leerÃ¡s esto muy a futuro; sin embargo, espero que te guste mucho todo este detalle"
293,"Tu amor es lo que me impulsa a seguir adelante."
294,"Eres el sol que ilumina mis dÃ­as."
295,"Amarte es lo mÃ¡s fÃ¡cil del mundo."
296,"Tu amor es mi mayor bendiciÃ³n."
297,"Cada dÃ­a contigo es un regalo del cielo."
298,"Eres mi refugio en los momentos difÃ­ciles."
299,"Amarte es lo mejor que me ha pasado."
300,"Eres mi amor eterno."
301,"Tu amor es lo que me impulsa a ser mejor."
302,"Cada dÃ­a contigo es una nueva aventura."
303,"Eres mi razÃ³n para seguir adelante."
304,"Amarte es lo mÃ¡s hermoso que me ha pasado."
305,"Tu amor es lo que me llena de alegrÃ­a."
306,"Mi amor, te amoâ¤ï¸!! Hoy es tu cumpleaÃ±os y de mi parte quiero desearte que tengas un dÃ­a muy bonito y lleno de aventuras. Llevaba tiempo pensando en este proyecto, pero me da gusto podÃ©rtelo entregar ahora, ojalÃ¡ te guste mucho este detallito mi vida ğŸ‘€. Si fuera por mi, estarÃ­a llenÃ¡ndote de besos y caricias ahora mismo, por ahora y con todo gusto le envÃ­o muchÃ­simos a la distancia ğŸ’.  Le amo muchÃ­simo mi amor â¤ï¸"
"Mi amor â¤ï¸!! Me gusta que el tiempo pase y sigamos igual o aÃºn mÃ¡s juntos. Felicidades mi amor â¤ï¸, seguiremos celebrando su cumpleaÃ±os toda la vida ğŸ‰. Te amo ğŸ¥°"
308,"Para mi tu eres perfecta bella incomparable y sobre todo la niÃ±a mÃ¡s hermosa del mundo tu puedes encontrar varÃ­as imperfecciones ti pero te amo â™¥ï¸"
309,"Muchos Ã¡nimos para empezar la semana mi amor, realmente saber que cuento con usted me llena de mucho orgullo y felicidad â¤ï¸"
310,"Su amor es mi mayor fortaleza, asÃ­ que aquÃ­ tiene a un humilde pero deboto compaÃ±ero. Te amoâ¤ï¸ "
311,"Te recuerdo que vas a ser mi esposa, asÃ­ que tenga el mÃ¡s lindo de los dÃ­as â¤ï¸"
312,"Un chistesito para aliviar cualquier fatiga mi amor: Â¿QuÃ© le dijo una uva verde a otra morada? Â¡Respira! Espero que te rÃ­as con ese mi amorğŸ˜"
313,"Â¿SabÃ­as que tu abrazo es mi lugar favorito en todo el universo? ğŸš€ğŸ’«"
314,"Tu sonrisa ilumina mi vida mÃ¡s que el sol cada maÃ±ana, solo que extraÃ±o muchÃ­simo verla :(â˜€ï¸"
315,"Amor, hoy te tengo otro chiste: Â¿QuÃ© le dijo una pared a la otra? Â¡Nos vemos en la esquina!"
316,"No necesito regalos ni sorpresas, tu presencia es el mejor regalo que la vida me puede dar, asÃ­ que Â¿CuÃ¡ndo viene a visitarme? ğŸ˜ˆğŸ¥º"
317,"ExtraÃ±o muchÃ­simo lo de dormir juntos, realmente me recarga estar contigo, olerte, besarte y abrazarte ğŸ¥¹"
318,"Sabes amor. Yo aÃºn siento cosquillitas en el estÃ³mago cuando te veo y estoy contigo, te amo muchÃ­simo â¤ï¸"
319,"Me haces sentir que puedo conquistar el mundo solo con tenerte a mi lado Â¿A quÃ© leÃ³n aniquilo hoy?"
320,"Amor, te tengo otro: Â¿QuÃ© hace una montaÃ±a despuÃ©s de romperse? Â¡Sierra! ğŸ”ï¸ğŸ˜‚"
321,"Amarte es lo mejor que me ha pasado."
322,"Eres mi amor eterno."
323,"Tu amor es lo que me impulsa a ser mejor."
324,"Cada dÃ­a contigo es una nueva aventura."
325,"Eres mi razÃ³n para seguir adelante."
326,"Amarte es lo mÃ¡s hermoso que me ha pasado."
327,"Tu amor es lo que me llena de vida."
328,"Eres mi refugio en este mundo caÃ³tico."
329,"Cada dÃ­a contigo es un regalo del cielo."
330,"Amarte es lo que da sentido a mi vida."
331,"Eres mi amor eterno."
332,"Tu amor es mi mayor fortaleza."
333,"Cada dÃ­a contigo es una bendiciÃ³n."
334,"A tu lado, soy invencible."
335,"Eres mi razÃ³n de ser."
336,"Cada momento contigo es Ãºnico."
337,"Tu amor es lo que me impulsa a seguir adelante."
338,"Eres el sol que ilumina mis dÃ­as."
339,"Amarte es lo mÃ¡s fÃ¡cil del mundo."
340,"Tu amor es mi mayor bendiciÃ³n."
341,"Cada dÃ­a contigo es un regalo del cielo."
342,"Eres mi refugio en los momentos difÃ­ciles."
343,"Amarte es lo mejor que me ha pasado."
344,"Eres mi amor eterno."
345,"Tu amor es lo que me impulsa a ser mejor."
346,"Cada dÃ­a contigo es una nueva aventura."
347,"Eres mi razÃ³n para sonreÃ­r cada maÃ±ana."
348,"Amarte es lo mÃ¡s hermoso que me ha pasado."
349,"Tu amor es lo que me llena de vida."
350,"Eres mi refugio en este mundo caÃ³tico."
351,"Cada dÃ­a contigo es un regalo."
352,"Amarte es lo que da sentido a mi vida."
353,"Eres mi amor eterno."
354,"Tu amor es mi mayor fortaleza."
355,"Cada dÃ­a contigo es una bendiciÃ³n."
356,"A tu lado, soy invencible."
357,"Eres mi razÃ³n de ser."
358,"Cada momento contigo es Ãºnico."
359,"Tu amor es lo que me impulsa a seguir adelante."
360,"Eres el sol que ilumina mis dÃ­as."
361,"Amarte es lo mÃ¡s fÃ¡cil del mundo."
362,"Tu amor es mi mayor bendiciÃ³n."
363,"Cada dÃ­a contigo es un regalo del cielo."
364,"Eres mi refugio en los momentos difÃ­ciles."
365,"Amarte es lo mejor que me ha pasado."
366,"Eres mi amor eterno."
